Past/Present,Repository Name,Repository Link,No. Total Commits,Lifetime in days,No. Commits since 1st unittest occurrence,No. Commits since 1st pytest occurrence,Days since 1st unittest occurrence,Days since 1st pytest occurrence,Days since 1st pytest to last unittest occurrence,No. Authors (name),No. Migration Authors (name),No. Authors (email),No. Migration Authors (email),No. Authors (email - name),No. Migration commits,One Commit Migration?,No. Files (current state),No. Files with unittest,No. Files with pytest,No. Files with both,Pytest before Unittest?,1st commit UNITTEST,1st commit UNITTEST_LINK,1st commit PYTEST,1st commit PYTEST_LINK,Last commit UNITTEST,Last commit UNITTEST_LINK,Last commit PYTEST,Last commit PYTEST_LINK,1st migration commit,1st migration commit link,Last migration commit,Last migration commit link
p => ??,DeDRM_tools,https://github.com/apprenticeharper/DeDRM_tools,427,2392,0,133,0,630,,75,0,72,0,-3,0,FALSE,143,0,0,0,FALSE,,,952b7fa7c06b99210a4c1eefb00025adb31cd2d5,https://github.com/apprenticeharper/DeDRM_tools/commit/952b7fa7c06b99210a4c1eefb00025adb31cd2d5,,,731eeac087deef56977f394406fcf71cace25481,https://github.com/apprenticeharper/DeDRM_tools/commit/731eeac087deef56977f394406fcf71cace25481,,,,
p => ??,twint,https://github.com/twintproject/twint,795,1550,0,773,0,1323,,68,0,69,0,1,0,FALSE,66,0,0,0,FALSE,,,ff99467e4bbaa707697dac46bbec865bf61860d8,https://github.com/twintproject/twint/commit/ff99467e4bbaa707697dac46bbec865bf61860d8,,,0374af232841701906b6547a758bfce0765cc7df,https://github.com/twintproject/twint/commit/0374af232841701906b6547a758bfce0765cc7df,,,,
p => (p+u or u) => p,tqdm,https://github.com/tqdm/tqdm,1600,2873,251,1586,323,2773,-2456,113,0,114,0,1,0,FALSE,134,0,10,0,TRUE,7f2545ef003d5f0563fa9e5071860ef94b9de150,https://github.com/tqdm/tqdm/commit/7f2545ef003d5f0563fa9e5071860ef94b9de150,da4b29f3cd48726b21d1c37aff854d3e29ce1507,https://github.com/tqdm/tqdm/commit/da4b29f3cd48726b21d1c37aff854d3e29ce1507,a61ffbcca02aa3fc13de540d8a6eaa95bfd890c2,https://github.com/tqdm/tqdm/commit/a61ffbcca02aa3fc13de540d8a6eaa95bfd890c2,c633fc59b1426cdc25df544ebc1bb38634f0e19d,https://github.com/tqdm/tqdm/commit/c633fc59b1426cdc25df544ebc1bb38634f0e19d,,,,
p => (p+u or u) => p,rasa,https://github.com/RasaHQ/rasa,19279,1789,14294,19124,977,1749,-772,533,0,543,0,10,0,FALSE,1142,0,154,0,TRUE,d451fcee183dedce3ce2bf40ba7f1b8d929b5a89,https://github.com/RasaHQ/rasa/commit/d451fcee183dedce3ce2bf40ba7f1b8d929b5a89,dcc530b3137acc895465299190e2fe75531bc4f5,https://github.com/RasaHQ/rasa/commit/dcc530b3137acc895465299190e2fe75531bc4f5,c1bc17db5dadba2b7e1f7f16b2ea261222bb56b9,https://github.com/RasaHQ/rasa/commit/c1bc17db5dadba2b7e1f7f16b2ea261222bb56b9,c68d13a66a9cf27b7072e803790726b578bba6df,https://github.com/RasaHQ/rasa/commit/c68d13a66a9cf27b7072e803790726b578bba6df,,,,
p => p,thefuck,https://github.com/nvbn/thefuck,1261,2344,0,1261,0,2344,,186,0,186,0,0,0,FALSE,454,0,174,0,FALSE,,,71f1f4224b267711bd9cc372a2ec69902f423a01,https://github.com/nvbn/thefuck/commit/71f1f4224b267711bd9cc372a2ec69902f423a01,,,dbc435c0401c464b6bbb2059a77ec98a96d4fe06,https://github.com/nvbn/thefuck/commit/dbc435c0401c464b6bbb2059a77ec98a96d4fe06,,,,
p => p,fastapi,https://github.com/tiangolo/fastapi,1760,1007,0,1755,0,1004,,249,0,255,0,6,0,FALSE,1041,0,56,0,FALSE,,,6d4cc97266d9878c193d5d27c4a18b8c32702d57,https://github.com/tiangolo/fastapi/commit/6d4cc97266d9878c193d5d27c4a18b8c32702d57,,,ab33ba27aff6189ec3b6cbadbc2e06da7922b55d,https://github.com/tiangolo/fastapi/commit/ab33ba27aff6189ec3b6cbadbc2e06da7922b55d,,,,
p => p,spleeter,https://github.com/deezer/spleeter,421,712,0,348,0,668,,19,0,19,0,0,0,FALSE,101,0,6,0,FALSE,,,d19c13bf66df1cc57b33dbd308dfd5e001a536d1,https://github.com/deezer/spleeter/commit/d19c13bf66df1cc57b33dbd308dfd5e001a536d1,,,bd8bacf49d8a081173a9a219fbd63ca50cf37d68,https://github.com/deezer/spleeter/commit/bd8bacf49d8a081173a9a219fbd63ca50cf37d68,,,,
p => p,PySnooper,https://github.com/cool-RR/PySnooper,298,872,0,297,0,870,,28,0,28,0,0,0,FALSE,65,0,8,0,FALSE,,,443b442b1daf1ad42771555881e669f923604ef4,https://github.com/cool-RR/PySnooper/commit/443b442b1daf1ad42771555881e669f923604ef4,,,c539cbc520ecd195cc65f887a7226c66c3b3b641,https://github.com/cool-RR/PySnooper/commit/c539cbc520ecd195cc65f887a7226c66c3b3b641,,,,
unknown,wttr.in,https://github.com/chubin/wttr.in,828,2085,0,0,0,0,,138,0,138,0,0,0,FALSE,200,0,0,0,FALSE,,,,,,,,,,,,
p => p,pytorch-lightning,https://github.com/PyTorchLightning/pytorch-lightning,5487,891,0,5486,0,891,,540,0,566,0,26,0,FALSE,603,0,135,0,FALSE,,,8dfb8f9167841fd64bef82d68bbc7c6b2acf5e8d,https://github.com/PyTorchLightning/pytorch-lightning/commit/8dfb8f9167841fd64bef82d68bbc7c6b2acf5e8d,,,d49709e29c6174be8bde7e1edc288180a2173adc,https://github.com/PyTorchLightning/pytorch-lightning/commit/d49709e29c6174be8bde7e1edc288180a2173adc,,,,
p => p,fabric,https://github.com/fabric/fabric,1296,2887,0,508,0,1533,,18,0,18,0,0,0,FALSE,128,0,13,0,FALSE,,,1171a0216b8a56501c59359e728ff9b8d13397ba,https://github.com/fabric/fabric/commit/1171a0216b8a56501c59359e728ff9b8d13397ba,,,05433a246f529faabec8dc5195058ecdc87ce9eb,https://github.com/fabric/fabric/commit/05433a246f529faabec8dc5195058ecdc87ce9eb,,,,
p => p,requests-html,https://github.com/psf/requests-html,362,1291,0,156,0,1287,,61,0,62,0,1,0,FALSE,49,0,3,0,FALSE,,,e531e5cab2105805ec8328a76dab4de2e4e109dd,https://github.com/psf/requests-html/commit/e531e5cab2105805ec8328a76dab4de2e4e109dd,,,1c447e21c6c6570747018a2d42a5005759a1c121,https://github.com/psf/requests-html/commit/1c447e21c6c6570747018a2d42a5005759a1c121,,,,
p => p,ungoogled-chromium,https://github.com/Eloston/ungoogled-chromium,1585,2278,0,267,0,671,,76,0,81,0,5,0,FALSE,202,0,5,0,FALSE,,,1a0e163a1130c7b47b8a98fc387628b077320a49,https://github.com/Eloston/ungoogled-chromium/commit/1a0e163a1130c7b47b8a98fc387628b077320a49,,,,,,,,
p => p,click,https://github.com/pallets/click,1345,2693,0,1286,0,2688,,314,0,315,0,1,0,FALSE,161,0,15,0,FALSE,,,3f695c6ec86d6933ade870fb00bb51be2436f215,https://github.com/pallets/click/commit/3f695c6ec86d6933ade870fb00bb51be2436f215,,,11b28625b94cabf3a0abaa1aaddc0292e24929a4,https://github.com/pallets/click/commit/11b28625b94cabf3a0abaa1aaddc0292e24929a4,,,,
p => p,mycli,https://github.com/dbcli/mycli,1264,2346,0,1263,0,2344,,94,0,98,0,4,0,FALSE,123,0,15,0,FALSE,,,23af0100d859011bcfcd5d993151a633050399fc,https://github.com/dbcli/mycli/commit/23af0100d859011bcfcd5d993151a633050399fc,,,08d1533935a2658ef2f67148995d4135326f619c,https://github.com/dbcli/mycli/commit/08d1533935a2658ef2f67148995d4135326f619c,,,,
p => p,pgcli,https://github.com/dbcli/pgcli,1668,2522,0,1617,0,2463,,156,0,163,0,7,0,FALSE,130,0,16,0,FALSE,,,e3f7d263f3b61e5c300437e0da2c7b9ea0776367,https://github.com/dbcli/pgcli/commit/e3f7d263f3b61e5c300437e0da2c7b9ea0776367,,,a3287c4ab2cea5ba5bef495e1174b12c3b2ae084,https://github.com/dbcli/pgcli/commit/a3287c4ab2cea5ba5bef495e1174b12c3b2ae084,,,,
p => p + u,mmdetection,https://github.com/open-mmlab/mmdetection,1579,1112,606,1093,407,706,,267,0,274,0,7,0,FALSE,1269,2,53,2,TRUE,78fda0aca02263e4c16bd19a38f1ef29acbba06a,https://github.com/open-mmlab/mmdetection/commit/78fda0aca02263e4c16bd19a38f1ef29acbba06a,0e9de200bc1ee9e74ed4f99a1d4141551e8e70f9,https://github.com/open-mmlab/mmdetection/commit/0e9de200bc1ee9e74ed4f99a1d4141551e8e70f9,,,0d2b39b195031b3b7ede73ebaa0a04150d1f332b,https://github.com/open-mmlab/mmdetection/commit/0d2b39b195031b3b7ede73ebaa0a04150d1f332b,,,,
p => p + u,pelican,https://github.com/getpelican/pelican,2519,4042,1949,2056,3480,3720,-3223,431,0,433,0,2,0,FALSE,554,16,2,0,TRUE,e78372f338eee04333d4499fceb098ac5ced1b90,https://github.com/getpelican/pelican/commit/e78372f338eee04333d4499fceb098ac5ced1b90,53c19cc9a094348110be7b75849d0ac43555c414,https://github.com/getpelican/pelican/commit/53c19cc9a094348110be7b75849d0ac43555c414,2e482b207b344fa7ec1b7f4bb047407440f62690,https://github.com/getpelican/pelican/commit/2e482b207b344fa7ec1b7f4bb047407440f62690,adbefe836355305c69818f8abb59decf0adf9cf9,https://github.com/getpelican/pelican/commit/adbefe836355305c69818f8abb59decf0adf9cf9,,,,
p => p + u,flair,https://github.com/flairNLP/flair,2790,1184,2594,2674,1126,1139,-70,210,1,220,1,10,1,FALSE,194,1,11,1,TRUE,0056b2613ee9c169cb9c23e5e84fbcca180dde77,https://github.com/flairNLP/flair/commit/0056b2613ee9c169cb9c23e5e84fbcca180dde77,c5a637db549126bcaba2e9d994f0e0eae800c944,https://github.com/flairNLP/flair/commit/c5a637db549126bcaba2e9d994f0e0eae800c944,24bc299b7e8a566aca52375caae5673efe7b264a,https://github.com/flairNLP/flair/commit/24bc299b7e8a566aca52375caae5673efe7b264a,1a511b0eff5cf51eac7774c1aeb792154df45945,https://github.com/flairNLP/flair/commit/1a511b0eff5cf51eac7774c1aeb792154df45945,24bc299b7e8a566aca52375caae5673efe7b264a,https://github.com/flairNLP/flair/commit/24bc299b7e8a566aca52375caae5673efe7b264a,24bc299b7e8a566aca52375caae5673efe7b264a,https://github.com/flairNLP/flair/commit/24bc299b7e8a566aca52375caae5673efe7b264a
p => p + u,sentry,https://github.com/getsentry/sentry,36008,4866,21464,32985,2851,3188,-3182,592,10,656,10,64,14,FALSE,8971,39,190,12,TRUE,733b3935480960df85e7a75b34b2412885160adc,https://github.com/getsentry/sentry/commit/733b3935480960df85e7a75b34b2412885160adc,80c38620a17ffcf77d17b9fd13cc1e0de81cf7e9,https://github.com/getsentry/sentry/commit/80c38620a17ffcf77d17b9fd13cc1e0de81cf7e9,e621e3771b3187b0a7b87a6117d4b8ecfa8cfd32,https://github.com/getsentry/sentry/commit/e621e3771b3187b0a7b87a6117d4b8ecfa8cfd32,d7db88d70f50ba8e1e21aae3ba15d1eb8233aba1,https://github.com/getsentry/sentry/commit/d7db88d70f50ba8e1e21aae3ba15d1eb8233aba1,e0b9fde4f65d86370b082d63e468a2e354268e0b,https://github.com/getsentry/sentry/commit/e0b9fde4f65d86370b082d63e468a2e354268e0b,5fbce490c0f8c9e8d1e668f3025a0848ee42f4e9,https://github.com/getsentry/sentry/commit/5fbce490c0f8c9e8d1e668f3025a0848ee42f4e9
p => p + u,rich,https://github.com/willmcgugan/rich,1841,667,1478,1738,506,640,,112,0,116,0,4,0,FALSE,327,1,33,0,TRUE,8181845f4aa20749a4e60c04a4deaf69b52d5647,https://github.com/willmcgugan/rich/commit/8181845f4aa20749a4e60c04a4deaf69b52d5647,eb18883d46330f5c5d021b884cd7d5f23f16aa6e,https://github.com/willmcgugan/rich/commit/eb18883d46330f5c5d021b884cd7d5f23f16aa6e,,,844d85366b1032313fda1322ae2e257ebf2b2c70,https://github.com/willmcgugan/rich/commit/844d85366b1032313fda1322ae2e257ebf2b2c70,,,,
p => p + u,spaCy,https://github.com/explosion/spaCy,12829,2623,10830,12824,2159,2621,-2243,626,0,639,0,13,0,FALSE,1552,1,197,1,TRUE,693dd065479481ba4296fa932b913315b3a40b8d,https://github.com/explosion/spaCy/commit/693dd065479481ba4296fa932b913315b3a40b8d,556f6a18ca42d46cb8a1435e18c8175d5f693a7a,https://github.com/explosion/spaCy/commit/556f6a18ca42d46cb8a1435e18c8175d5f693a7a,b37fdbb61353a86698f91a728cbf6b23dc22c86b,https://github.com/explosion/spaCy/commit/b37fdbb61353a86698f91a728cbf6b23dc22c86b,d48c01a6f77a90db06e936ae903d1d0ea151ae31,https://github.com/explosion/spaCy/commit/d48c01a6f77a90db06e936ae903d1d0ea151ae31,,,,
p => p + u,wagtail,https://github.com/wagtail/wagtail,10480,2789,10339,10394,2769,2774,-2448,589,0,640,0,51,0,FALSE,4330,20,1,0,TRUE,dacdacfc0da218fdd1585583b49c97160f5b536b,https://github.com/wagtail/wagtail/commit/dacdacfc0da218fdd1585583b49c97160f5b536b,4cce28b1f58bee3a2e698ef110fd855571704667,https://github.com/wagtail/wagtail/commit/4cce28b1f58bee3a2e698ef110fd855571704667,9dda314263eb69fb72fbe410435ee66f01a90c08,https://github.com/wagtail/wagtail/commit/9dda314263eb69fb72fbe410435ee66f01a90c08,967ead38a3190b7e78d506d1d6a77ff198b668b6,https://github.com/wagtail/wagtail/commit/967ead38a3190b7e78d506d1d6a77ff198b668b6,,,,
u => ??,sqlmap,https://github.com/sqlmapproject/sqlmap,9617,4710,1999,0,1537,0,,109,0,110,0,1,0,FALSE,648,0,0,0,FALSE,0d756a88239f3525c9c6c576f983c7bd451ee35f,https://github.com/sqlmapproject/sqlmap/commit/0d756a88239f3525c9c6c576f983c7bd451ee35f,,,1678b606a210b172eeda9157b8d57d0ce9047c11,https://github.com/sqlmapproject/sqlmap/commit/1678b606a210b172eeda9157b8d57d0ce9047c11,,,,,,
u => (p+u or p) => u,Gooey,https://github.com/chriskiehl/Gooey,661,2805,659,514,2802,2332,-1834,101,1,101,1,0,2,FALSE,215,30,0,0,FALSE,9b65ef54302006fef035077cc05fdd761cf6bd6b,https://github.com/chriskiehl/Gooey/commit/9b65ef54302006fef035077cc05fdd761cf6bd6b,9796d50fa90de9642c937ef5f0cf03a7d7f1934c,https://github.com/chriskiehl/Gooey/commit/9796d50fa90de9642c937ef5f0cf03a7d7f1934c,074440ea26b9b29febde63014a723ef850887083,https://github.com/chriskiehl/Gooey/commit/074440ea26b9b29febde63014a723ef850887083,c8450cf20bb7b7788861bd3409a43b1f20b9b0bf,https://github.com/chriskiehl/Gooey/commit/c8450cf20bb7b7788861bd3409a43b1f20b9b0bf,9796d50fa90de9642c937ef5f0cf03a7d7f1934c,https://github.com/chriskiehl/Gooey/commit/9796d50fa90de9642c937ef5f0cf03a7d7f1934c,5cf42a17b88a97b3bf6a498e184264bafb68e75b,https://github.com/chriskiehl/Gooey/commit/5cf42a17b88a97b3bf6a498e184264bafb68e75b
u => p,flask,https://github.com/pallets/flask,3170,4172,3143,1594,4167,2564,-996,737,1,750,1,13,3,FALSE,261,0,28,0,FALSE,f2dc38cda61f76c64b97ab9f730accc986a4b188,https://github.com/pallets/flask/commit/f2dc38cda61f76c64b97ab9f730accc986a4b188,8fa5e32d9a1fdf042632bd8fcd0b44dd8031b639,https://github.com/pallets/flask/commit/8fa5e32d9a1fdf042632bd8fcd0b44dd8031b639,65fc888172fbff89a8354e8926a69b4515766389,https://github.com/pallets/flask/commit/65fc888172fbff89a8354e8926a69b4515766389,2305b056c3a3161c92ea61e6fceb67262766bc40,https://github.com/pallets/flask/commit/2305b056c3a3161c92ea61e6fceb67262766bc40,8fa5e32d9a1fdf042632bd8fcd0b44dd8031b639,https://github.com/pallets/flask/commit/8fa5e32d9a1fdf042632bd8fcd0b44dd8031b639,be42d5665e89c7fd57352c0e6b97355d6b3500f3,https://github.com/pallets/flask/commit/be42d5665e89c7fd57352c0e6b97355d6b3500f3
u => p,httpie,https://github.com/httpie/httpie,1304,3482,1275,886,3476,2693,-3,131,0,133,0,2,0,FALSE,153,0,20,0,FALSE,bb653bf1a957de2859ab3ad98e6cd61f1137e71b,https://github.com/httpie/httpie/commit/bb653bf1a957de2859ab3ad98e6cd61f1137e71b,941c0a8c3c3bb8dbe0b18cf07b6599b9ca13a6e4,https://github.com/httpie/httpie/commit/941c0a8c3c3bb8dbe0b18cf07b6599b9ca13a6e4,87806acc567fa9da4b48f05245f908bcc5288f81,https://github.com/httpie/httpie/commit/87806acc567fa9da4b48f05245f908bcc5288f81,6039bd858235589eb843c4865068e6f73d8fc290,https://github.com/httpie/httpie/commit/6039bd858235589eb843c4865068e6f73d8fc290,,,,
u => p,requests,https://github.com/psf/requests,4542,3859,4539,4411,3859,3854,-1842,692,5,703,5,11,9,FALSE,122,0,11,0,FALSE,75b499dd046060021db0c7a772dd34df9374a30b,https://github.com/psf/requests/commit/75b499dd046060021db0c7a772dd34df9374a30b,d3911da65316730a3b0ebfeb3f21ceb3be3461ef,https://github.com/psf/requests/commit/d3911da65316730a3b0ebfeb3f21ceb3be3461ef,bf026e3c3109ee3d5948f674df120e97e3c3fb84,https://github.com/psf/requests/commit/bf026e3c3109ee3d5948f674df120e97e3c3fb84,d1ca591c0fc0cfac634c74ed8b283c47ecffa9f8,https://github.com/psf/requests/commit/d1ca591c0fc0cfac634c74ed8b283c47ecffa9f8,2edda29448a9530059b9d6f772ba1e9a92371e7b,https://github.com/psf/requests/commit/2edda29448a9530059b9d6f772ba1e9a92371e7b,a8fdba15b12550a9bb08b1fa1e4d78b5d9508c1f,https://github.com/psf/requests/commit/a8fdba15b12550a9bb08b1fa1e4d78b5d9508c1f
u => p,pandas,https://github.com/pandas-dev/pandas,24505,4421,24501,18052,4416,3012,-2330,2685,6,2745,6,60,23,FALSE,2369,0,835,0,FALSE,c6b236db73ff81007909be6406f0e484edc4a9eb,https://github.com/pandas-dev/pandas/commit/c6b236db73ff81007909be6406f0e484edc4a9eb,150135659edbc4336e3682762fb0fc8fad039d81,https://github.com/pandas-dev/pandas/commit/150135659edbc4336e3682762fb0fc8fad039d81,a38a004629f8a2d4da9392133e3e1162261b1e3f,https://github.com/pandas-dev/pandas/commit/a38a004629f8a2d4da9392133e3e1162261b1e3f,dfbebd7cdc3d3bf0ff4bfeea4f6da6128d00bf77,https://github.com/pandas-dev/pandas/commit/dfbebd7cdc3d3bf0ff4bfeea4f6da6128d00bf77,42a5a6cf3dabecd28eb66df3f763e1fc8deaa0d1,https://github.com/pandas-dev/pandas/commit/42a5a6cf3dabecd28eb66df3f763e1fc8deaa0d1,cf5852bf71c171e52fd188efc9e0679c977a2b69,https://github.com/pandas-dev/pandas/commit/cf5852bf71c171e52fd188efc9e0679c977a2b69
u => p,celery,https://github.com/celery/celery,10737,4519,10685,1858,4514,1842,-57,1105,1,1135,1,30,1,FALSE,716,0,94,0,FALSE,7b99900ad9f8a81f7fed060a56b6a5902166fa48,https://github.com/celery/celery/commit/7b99900ad9f8a81f7fed060a56b6a5902166fa48,29df527147514b3eab7fbc3dbf41ff181bf1dcd9,https://github.com/celery/celery/commit/29df527147514b3eab7fbc3dbf41ff181bf1dcd9,38160cb7bf7a41159b37cd16e20cdab673f1d59e,https://github.com/celery/celery/commit/38160cb7bf7a41159b37cd16e20cdab673f1d59e,bb8030562752dbcd1d130a878f4a0326ad93fc02,https://github.com/celery/celery/commit/bb8030562752dbcd1d130a878f4a0326ad93fc02,29df527147514b3eab7fbc3dbf41ff181bf1dcd9,https://github.com/celery/celery/commit/29df527147514b3eab7fbc3dbf41ff181bf1dcd9,29df527147514b3eab7fbc3dbf41ff181bf1dcd9,https://github.com/celery/celery/commit/29df527147514b3eab7fbc3dbf41ff181bf1dcd9
u => p,python-telegram-bot,https://github.com/python-telegram-bot/python-telegram-bot,1983,2254,1981,566,2254,1487,0,167,1,168,1,1,1,TRUE,588,0,131,0,FALSE,8c3ed7c62917a94b90b3fb50b3217550b8eea84b,https://github.com/python-telegram-bot/python-telegram-bot/commit/8c3ed7c62917a94b90b3fb50b3217550b8eea84b,5d7c6ad541f8baa3c275206482c3d370f32fab07,https://github.com/python-telegram-bot/python-telegram-bot/commit/5d7c6ad541f8baa3c275206482c3d370f32fab07,5d7c6ad541f8baa3c275206482c3d370f32fab07,https://github.com/python-telegram-bot/python-telegram-bot/commit/5d7c6ad541f8baa3c275206482c3d370f32fab07,9aec8deec61512f75da744ddb1452ce27f045f19,https://github.com/python-telegram-bot/python-telegram-bot/commit/9aec8deec61512f75da744ddb1452ce27f045f19,5d7c6ad541f8baa3c275206482c3d370f32fab07,https://github.com/python-telegram-bot/python-telegram-bot/commit/5d7c6ad541f8baa3c275206482c3d370f32fab07,5d7c6ad541f8baa3c275206482c3d370f32fab07,https://github.com/python-telegram-bot/python-telegram-bot/commit/5d7c6ad541f8baa3c275206482c3d370f32fab07
u => p,cookiecutter,https://github.com/cookiecutter/cookiecutter,2198,2977,2192,1770,2977,2597,-2091,261,2,267,2,6,53,FALSE,269,0,44,0,FALSE,c0ad440dea4349347ea918c1edb9c18a4da918e1,https://github.com/cookiecutter/cookiecutter/commit/c0ad440dea4349347ea918c1edb9c18a4da918e1,bc442ce8396bb49d31c9a5a55696ec43d38ae19e,https://github.com/cookiecutter/cookiecutter/commit/bc442ce8396bb49d31c9a5a55696ec43d38ae19e,beb21af3801ec90c8c5b1c6697fac2f4520c08ad,https://github.com/cookiecutter/cookiecutter/commit/beb21af3801ec90c8c5b1c6697fac2f4520c08ad,d6037b7dee5756e35a6ecd5b522899a9061c2c79,https://github.com/cookiecutter/cookiecutter/commit/d6037b7dee5756e35a6ecd5b522899a9061c2c79,51d8d354f1a75b83becad880eec7cbac86d52e74,https://github.com/cookiecutter/cookiecutter/commit/51d8d354f1a75b83becad880eec7cbac86d52e74,6261601e1178049bf04e6d28dfc18c42d996f782,https://github.com/cookiecutter/cookiecutter/commit/6261601e1178049bf04e6d28dfc18c42d996f782
u => p,saleor,https://github.com/mirumee/saleor,15370,3133,15013,14382,2882,2286,-526,227,1,234,1,7,2,FALSE,2016,0,209,0,FALSE,81fe2314ce153cd7ec01e647640cdafea85a14ea,https://github.com/mirumee/saleor/commit/81fe2314ce153cd7ec01e647640cdafea85a14ea,acd037df17e406e2b691775076020ad9a41292d9,https://github.com/mirumee/saleor/commit/acd037df17e406e2b691775076020ad9a41292d9,aa1844c0532460f8e6f38046625c9116b39b5f1a,https://github.com/mirumee/saleor/commit/aa1844c0532460f8e6f38046625c9116b39b5f1a,0d660dfe0068cacb2dd067645cd7d2c9ad2e9ddf,https://github.com/mirumee/saleor/commit/0d660dfe0068cacb2dd067645cd7d2c9ad2e9ddf,d629135f843de17ba96dee176816ed6d76fd54ce,https://github.com/mirumee/saleor/commit/d629135f843de17ba96dee176816ed6d76fd54ce,43649e3b9d5fcd944d293aeaadfab37ffcdf9fab,https://github.com/mirumee/saleor/commit/43649e3b9d5fcd944d293aeaadfab37ffcdf9fab
u => p,pytorch_geometric,https://github.com/rusty1s/pytorch_geometric,4519,1432,4496,3762,1426,1243,-41,201,1,198,1,-3,1,FALSE,828,0,26,0,FALSE,1bdbfb441460a8ec630d67465ea91f27276f7789,https://github.com/rusty1s/pytorch_geometric/commit/1bdbfb441460a8ec630d67465ea91f27276f7789,1e5c1288769a556b7ac2f3055ef2832b9a61f43d,https://github.com/rusty1s/pytorch_geometric/commit/1e5c1288769a556b7ac2f3055ef2832b9a61f43d,959da47a6c7d21d163dd420af6529564b2ab7944,https://github.com/rusty1s/pytorch_geometric/commit/959da47a6c7d21d163dd420af6529564b2ab7944,6b423ba8bde19c831b7e8c7eb1d6d67f886d71ad,https://github.com/rusty1s/pytorch_geometric/commit/6b423ba8bde19c831b7e8c7eb1d6d67f886d71ad,91abf0d795b4876e51ad23f4543f7fc6383fc718,https://github.com/rusty1s/pytorch_geometric/commit/91abf0d795b4876e51ad23f4543f7fc6383fc718,91abf0d795b4876e51ad23f4543f7fc6383fc718,https://github.com/rusty1s/pytorch_geometric/commit/91abf0d795b4876e51ad23f4543f7fc6383fc718
u => p,allennlp,https://github.com/allenai/allennlp,2577,1576,2575,2575,1536,1536,-1207,253,2,267,2,14,2,FALSE,763,0,116,0,FALSE,51c26a933996e9415d4c5e059c196b2ca2e46db0,https://github.com/allenai/allennlp/commit/51c26a933996e9415d4c5e059c196b2ca2e46db0,51c26a933996e9415d4c5e059c196b2ca2e46db0,https://github.com/allenai/allennlp/commit/51c26a933996e9415d4c5e059c196b2ca2e46db0,cccad29addf269d121fe7a5c3c2f202f4cfe867d,https://github.com/allenai/allennlp/commit/cccad29addf269d121fe7a5c3c2f202f4cfe867d,c014232005c1817917015ebecb45eca7f244ce7c,https://github.com/allenai/allennlp/commit/c014232005c1817917015ebecb45eca7f244ce7c,4674b0182187ef10c54d0578d97f4ba9769a2863,https://github.com/allenai/allennlp/commit/4674b0182187ef10c54d0578d97f4ba9769a2863,1c65070ace204462eb4db08588e65ed94d6451b3,https://github.com/allenai/allennlp/commit/1c65070ace204462eb4db08588e65ed94d6451b3
u => p,routersploit,https://github.com/threat9/routersploit,699,1987,699,129,1987,1220,-2,74,1,71,1,-3,1,FALSE,1216,0,3,0,FALSE,f317cd8bb256411d802c754f5de5a56132374bfd,https://github.com/threat9/routersploit/commit/f317cd8bb256411d802c754f5de5a56132374bfd,9380c04707da979f3081e6b3678c00f7f612bd95,https://github.com/threat9/routersploit/commit/9380c04707da979f3081e6b3678c00f7f612bd95,567d2c93d3358df3f62cca7b8675fcd85f54c83a,https://github.com/threat9/routersploit/commit/567d2c93d3358df3f62cca7b8675fcd85f54c83a,ed19c564fee21ea676cda33e1e52c1e4bba1cc16,https://github.com/threat9/routersploit/commit/ed19c564fee21ea676cda33e1e52c1e4bba1cc16,9380c04707da979f3081e6b3678c00f7f612bd95,https://github.com/threat9/routersploit/commit/9380c04707da979f3081e6b3678c00f7f612bd95,9380c04707da979f3081e6b3678c00f7f612bd95,https://github.com/threat9/routersploit/commit/9380c04707da979f3081e6b3678c00f7f612bd95
u => p,redis-py,https://github.com/andymccurdy/redis-py,1324,4323,1298,870,4222,3017,-2,254,1,262,1,8,6,FALSE,96,0,13,0,FALSE,61c106e5fe5b9ab0380b29f60e245d4a318a2a06,https://github.com/andymccurdy/redis-py/commit/61c106e5fe5b9ab0380b29f60e245d4a318a2a06,e1233ff4545de043b5b33b7d50f17d260f1e02ce,https://github.com/andymccurdy/redis-py/commit/e1233ff4545de043b5b33b7d50f17d260f1e02ce,533bc4a0b37598b1e25a35892659e5f61ce54d29,https://github.com/andymccurdy/redis-py/commit/533bc4a0b37598b1e25a35892659e5f61ce54d29,b25cc4ea905c0f01621826b3a7821970fdb313b8,https://github.com/andymccurdy/redis-py/commit/b25cc4ea905c0f01621826b3a7821970fdb313b8,e1233ff4545de043b5b33b7d50f17d260f1e02ce,https://github.com/andymccurdy/redis-py/commit/e1233ff4545de043b5b33b7d50f17d260f1e02ce,533bc4a0b37598b1e25a35892659e5f61ce54d29,https://github.com/andymccurdy/redis-py/commit/533bc4a0b37598b1e25a35892659e5f61ce54d29
u => p + u,ansible,https://github.com/ansible/ansible,46426,3484,46230,30620,3443,2155,-2095,5962,11,6329,12,367,32,FALSE,5293,77,152,13,FALSE,f8eab8ed7e6a137a539c109b5713bf53c75841fd,https://github.com/ansible/ansible/commit/f8eab8ed7e6a137a539c109b5713bf53c75841fd,a0f1dcbd0fdcc1afb4eb4d435ceb20b4f38770f2,https://github.com/ansible/ansible/commit/a0f1dcbd0fdcc1afb4eb4d435ceb20b4f38770f2,e7a3715a90e843416f43d2250cb9292737021830,https://github.com/ansible/ansible/commit/e7a3715a90e843416f43d2250cb9292737021830,3ca50a2200cba04b6fa82e27e485784cee011277,https://github.com/ansible/ansible/commit/3ca50a2200cba04b6fa82e27e485784cee011277,cd3fdca540781d0b982e885b01f467f1601dba75,https://github.com/ansible/ansible/commit/cd3fdca540781d0b982e885b01f467f1601dba75,e7a3715a90e843416f43d2250cb9292737021830,https://github.com/ansible/ansible/commit/e7a3715a90e843416f43d2250cb9292737021830
u => p + u,scikit-learn,https://github.com/scikit-learn/scikit-learn,24249,4263,24037,5525,4263,1660,-972,2331,2,2388,3,57,4,FALSE,1493,3,230,3,FALSE,70f6234bb09204711546385b6ba436a6893da515,https://github.com/scikit-learn/scikit-learn/commit/70f6234bb09204711546385b6ba436a6893da515,0ec6664ff1b71bfecbfa41c390fe4f6759b92891,https://github.com/scikit-learn/scikit-learn/commit/0ec6664ff1b71bfecbfa41c390fe4f6759b92891,bbc23691cb9c5a7f2174d58c934f233b90f51ab2,https://github.com/scikit-learn/scikit-learn/commit/bbc23691cb9c5a7f2174d58c934f233b90f51ab2,89d66b39a0949c01beee5eb9739e192b8bcac7bd,https://github.com/scikit-learn/scikit-learn/commit/89d66b39a0949c01beee5eb9739e192b8bcac7bd,c50d9e87d024ff3d6fbfa5937101d8921a4bd1e9,https://github.com/scikit-learn/scikit-learn/commit/c50d9e87d024ff3d6fbfa5937101d8921a4bd1e9,1cda8ed987347e4a0b21e969be221f9480ce3d6b,https://github.com/scikit-learn/scikit-learn/commit/1cda8ed987347e4a0b21e969be221f9480ce3d6b
u => p + u,transformers,https://github.com/huggingface/transformers,7386,1044,7368,7088,1041,992,-992,999,2,1003,2,4,7,FALSE,1560,259,22,12,FALSE,cdd39d216e1f3d84d8d3e85bfa6c7b791ce77640,https://github.com/huggingface/transformers/commit/cdd39d216e1f3d84d8d3e85bfa6c7b791ce77640,8da280ebbeca5ebd7561fd05af78c65df9161f92,https://github.com/huggingface/transformers/commit/8da280ebbeca5ebd7561fd05af78c65df9161f92,79815090ea79ed80de9080f65d4e550eec7dd276,https://github.com/huggingface/transformers/commit/79815090ea79ed80de9080f65d4e550eec7dd276,642e1936e305c18b93e2542bcbe7b705fad61b35,https://github.com/huggingface/transformers/commit/642e1936e305c18b93e2542bcbe7b705fad61b35,ab42d74850233cff9df87701d257d9b975435f66,https://github.com/huggingface/transformers/commit/ab42d74850233cff9df87701d257d9b975435f66,84caa23301f2f25dfca0737198ff26c3d711ed63,https://github.com/huggingface/transformers/commit/84caa23301f2f25dfca0737198ff26c3d711ed63
u => p + u,scrapy,https://github.com/scrapy/scrapy,7255,4509,7231,3634,4819,2720,-2433,527,0,503,0,-24,0,FALSE,534,107,17,13,FALSE,83dcf8aff91d0178ffbf4978fb757fc7e6d5d08c,https://github.com/scrapy/scrapy/commit/83dcf8aff91d0178ffbf4978fb757fc7e6d5d08c,986be9a3965f4fef071beb0f726e30a700d9e227,https://github.com/scrapy/scrapy/commit/986be9a3965f4fef071beb0f726e30a700d9e227,18b05af87783d71f9c8f9f1ebe027083037e6f86,https://github.com/scrapy/scrapy/commit/18b05af87783d71f9c8f9f1ebe027083037e6f86,195f738bbaa7c090df795161390056c3c6c7f1f7,https://github.com/scrapy/scrapy/commit/195f738bbaa7c090df795161390056c3c6c7f1f7,,,,
u => p + u,redash,https://github.com/getredash/redash,5756,2874,5406,2260,2776,1420,-513,397,0,411,0,14,0,FALSE,1245,26,4,2,FALSE,cb7fbc16b0e8cb06762fa76b502d2b82bfe99269,https://github.com/getredash/redash/commit/cb7fbc16b0e8cb06762fa76b502d2b82bfe99269,45aad4bdbc690862222d72cc16a58dc0f53f2659,https://github.com/getredash/redash/commit/45aad4bdbc690862222d72cc16a58dc0f53f2659,8456bbf762e44f37bf2287fdb31d2d9708190ac3,https://github.com/getredash/redash/commit/8456bbf762e44f37bf2287fdb31d2d9708190ac3,0784a0c6f5bfd49baa965ccf0ca0d95737f0926d,https://github.com/getredash/redash/commit/0784a0c6f5bfd49baa965ccf0ca0d95737f0926d,,,,
u => p + u,detectron2,https://github.com/facebookresearch/detectron2,1236,698,1236,651,698,407,-397,182,0,184,0,2,0,FALSE,778,57,2,0,FALSE,989f52d67d05445ccd030d8f13d6cc53e297fb91,https://github.com/facebookresearch/detectron2/commit/989f52d67d05445ccd030d8f13d6cc53e297fb91,8b0bb4bd1ab3671b23c4d10cd0870368b5ef2cd4,https://github.com/facebookresearch/detectron2/commit/8b0bb4bd1ab3671b23c4d10cd0870368b5ef2cd4,ea3b3f22bf1de58008599794f149149ff65d3780,https://github.com/facebookresearch/detectron2/commit/ea3b3f22bf1de58008599794f149149ff65d3780,492cf9c7bae22d7d528f7f58169fcd52a450a0ca,https://github.com/facebookresearch/detectron2/commit/492cf9c7bae22d7d528f7f58169fcd52a450a0ca,,,,
u => p + u,ray,https://github.com/ray-project/ray,9246,2039,9240,8264,2024,1451,-1448,568,6,594,6,26,14,FALSE,4227,133,400,130,FALSE,5da148c1ab4f240351f9152da72bf70c702bb1d2,https://github.com/ray-project/ray/commit/5da148c1ab4f240351f9152da72bf70c702bb1d2,73f40bd844d65bd7fa41aea01f45a7905d299a81,https://github.com/ray-project/ray/commit/73f40bd844d65bd7fa41aea01f45a7905d299a81,1f6705d35d136741b927a936333186408bfbcc37,https://github.com/ray-project/ray/commit/1f6705d35d136741b927a936333186408bfbcc37,01adf030ec0f330df939e30914dde7b20ddadeba,https://github.com/ray-project/ray/commit/01adf030ec0f330df939e30914dde7b20ddadeba,ed77a4c415eedc31d8d081c6bdf29f56e719a9a2,https://github.com/ray-project/ray/commit/ed77a4c415eedc31d8d081c6bdf29f56e719a9a2,6f5064b7ef8263d3afe1a712a20a55fd2db157e5,https://github.com/ray-project/ray/commit/6f5064b7ef8263d3afe1a712a20a55fd2db157e5
u => p + u,dash,https://github.com/plotly/dash,4779,2342,4757,4757,2321,2321,-2279,110,7,116,7,6,20,FALSE,847,1,91,0,FALSE,f218f687d2ea3e79f31facb19cd48b41acf6a49f,https://github.com/plotly/dash/commit/f218f687d2ea3e79f31facb19cd48b41acf6a49f,f218f687d2ea3e79f31facb19cd48b41acf6a49f,https://github.com/plotly/dash/commit/f218f687d2ea3e79f31facb19cd48b41acf6a49f,dc0573e811c6545c4cb8861bdb68934f4ed262eb,https://github.com/plotly/dash/commit/dc0573e811c6545c4cb8861bdb68934f4ed262eb,5647abee42ed0844441c598b8329c029d8a3c497,https://github.com/plotly/dash/commit/5647abee42ed0844441c598b8329c029d8a3c497,9cba26729907545bac47aeffe43f25f3372f30e4,https://github.com/plotly/dash/commit/9cba26729907545bac47aeffe43f25f3372f30e4,933bef2c58166eca6b94af029efd8361f444cbf3,https://github.com/plotly/dash/commit/933bef2c58166eca6b94af029efd8361f444cbf3
u => p + u,streamlit,https://github.com/streamlit/streamlit,3891,1336,3422,3262,1217,1183,-1176,120,1,125,1,5,1,FALSE,1892,53,22,13,FALSE,ed288ad8354fa3f0d4918c1fc8c91605ad37361b,https://github.com/streamlit/streamlit/commit/ed288ad8354fa3f0d4918c1fc8c91605ad37361b,ba2d867d5f80410d400b3acfc1395cef7907b4ba,https://github.com/streamlit/streamlit/commit/ba2d867d5f80410d400b3acfc1395cef7907b4ba,931b2244cf09a0a61141286a1e7aca3aa95f164b,https://github.com/streamlit/streamlit/commit/931b2244cf09a0a61141286a1e7aca3aa95f164b,fde1b548e4bf2d2e5a97b5c3fcf655d43134b342,https://github.com/streamlit/streamlit/commit/fde1b548e4bf2d2e5a97b5c3fcf655d43134b342,e33afb400689eb254944be8ed13932c0e3d67ada,https://github.com/streamlit/streamlit/commit/e33afb400689eb254944be8ed13932c0e3d67ada,e33afb400689eb254944be8ed13932c0e3d67ada,https://github.com/streamlit/streamlit/commit/e33afb400689eb254944be8ed13932c0e3d67ada
u => p + u,zipline,https://github.com/quantopian/zipline,5145,3529,5125,2440,3519,2126,-898,138,1,152,1,14,1,FALSE,484,31,2,1,FALSE,9a91b6f95d48997b9bf5f4460218b45d05da544b,https://github.com/quantopian/zipline/commit/9a91b6f95d48997b9bf5f4460218b45d05da544b,b24c8fc7f409fb6ab8d1be8ff6060171942d8378,https://github.com/quantopian/zipline/commit/b24c8fc7f409fb6ab8d1be8ff6060171942d8378,61e472477be953fc016cc8ed8b9f343bf10316cf,https://github.com/quantopian/zipline/commit/61e472477be953fc016cc8ed8b9f343bf10316cf,7743e1a941c66f3d1136daf68a0afba30f76c06c,https://github.com/quantopian/zipline/commit/7743e1a941c66f3d1136daf68a0afba30f76c06c,7ed4a536e6b08b6b78ed8e710307347d2bbc3c55,https://github.com/quantopian/zipline/commit/7ed4a536e6b08b6b78ed8e710307347d2bbc3c55,7ed4a536e6b08b6b78ed8e710307347d2bbc3c55,https://github.com/quantopian/zipline/commit/7ed4a536e6b08b6b78ed8e710307347d2bbc3c55
u => p + u,matplotlib,https://github.com/matplotlib/matplotlib,28715,6693,28238,13473,6192,1885,-1580,1323,2,1340,2,17,7,FALSE,4463,2,85,2,FALSE,e34a333d00814124d3e19d462b9d78ac35e7a49a,https://github.com/matplotlib/matplotlib/commit/e34a333d00814124d3e19d462b9d78ac35e7a49a,e5ea9eeb974f1891d709d779d7a463ff654eed9b,https://github.com/matplotlib/matplotlib/commit/e5ea9eeb974f1891d709d779d7a463ff654eed9b,6cf8da4e0b5f4072f6c8dd1fe09643dbc4b1c6e6,https://github.com/matplotlib/matplotlib/commit/6cf8da4e0b5f4072f6c8dd1fe09643dbc4b1c6e6,88ca5c224ed453eef629b3b708a6c332531d6f0a,https://github.com/matplotlib/matplotlib/commit/88ca5c224ed453eef629b3b708a6c332531d6f0a,f24330d848f73e48fd52766a742165571098b945,https://github.com/matplotlib/matplotlib/commit/f24330d848f73e48fd52766a742165571098b945,82630dedc2adc1f38192368404f5bfa2eba15a3a,https://github.com/matplotlib/matplotlib/commit/82630dedc2adc1f38192368404f5bfa2eba15a3a
u => p + u,diagrams,https://github.com/mingrammer/diagrams,399,583,399,399,583,583,-125,99,0,100,0,1,0,FALSE,1938,2,1,0,FALSE,b384b723b38183efc5f3b9681d1361f74216d573,https://github.com/mingrammer/diagrams/commit/b384b723b38183efc5f3b9681d1361f74216d573,b384b723b38183efc5f3b9681d1361f74216d573,https://github.com/mingrammer/diagrams/commit/b384b723b38183efc5f3b9681d1361f74216d573,6d0dbe6443d5d396092e44bb6e2252bccc998692,https://github.com/mingrammer/diagrams/commit/6d0dbe6443d5d396092e44bb6e2252bccc998692,62562ea5d07f6b35f92ab14d3e5765577ad29f01,https://github.com/mingrammer/diagrams/commit/62562ea5d07f6b35f92ab14d3e5765577ad29f01,,,,
u => p + u,kivy,https://github.com/kivy/kivy,9550,3961,9512,721,3959,928,-725,574,3,563,2,-11,4,FALSE,1170,41,28,8,FALSE,28e4c1b5faf22d64ef3683884d852fe05749a360,https://github.com/kivy/kivy/commit/28e4c1b5faf22d64ef3683884d852fe05749a360,82c8d2f981f1ce03fcf7fd75ac409519dea1cc7e,https://github.com/kivy/kivy/commit/82c8d2f981f1ce03fcf7fd75ac409519dea1cc7e,048b0d687fda5d7e7ca81d7cc7d936b525bac75e,https://github.com/kivy/kivy/commit/048b0d687fda5d7e7ca81d7cc7d936b525bac75e,412976cecb0c754a4f70e2acbe9b117d46af8aa1,https://github.com/kivy/kivy/commit/412976cecb0c754a4f70e2acbe9b117d46af8aa1,ed9fc3e1bbd4d0f24e224c22525406054e787067,https://github.com/kivy/kivy/commit/ed9fc3e1bbd4d0f24e224c22525406054e787067,39daaa912ac2ff298c7c82ff6b39813a4a019f01,https://github.com/kivy/kivy/commit/39daaa912ac2ff298c7c82ff6b39813a4a019f01
u => p + u,faker,https://github.com/joke2k/faker,2130,3220,2123,720,3202,1249,-879,422,3,426,2,4,4,FALSE,627,10,32,5,FALSE,5fe65a399652754c542c8c70d50d3eaea046e976,https://github.com/joke2k/faker/commit/5fe65a399652754c542c8c70d50d3eaea046e976,5629ece8c0c405964d9d51d5702a4524fe92ae1c,https://github.com/joke2k/faker/commit/5629ece8c0c405964d9d51d5702a4524fe92ae1c,965da0fefc8567b732e5ce1920b247a6ba4b4a07,https://github.com/joke2k/faker/commit/965da0fefc8567b732e5ce1920b247a6ba4b4a07,87264318c855c4d7a205938fc2e3c51218fd39e9,https://github.com/joke2k/faker/commit/87264318c855c4d7a205938fc2e3c51218fd39e9,2d6bc4efc973245b17046bab4f441561adc20354,https://github.com/joke2k/faker/commit/2d6bc4efc973245b17046bab4f441561adc20354,965da0fefc8567b732e5ce1920b247a6ba4b4a07,https://github.com/joke2k/faker/commit/965da0fefc8567b732e5ce1920b247a6ba4b4a07
u => p + u,jax,https://github.com/google/jax,6426,1024,6426,5365,1024,879,-856,349,2,365,2,16,2,FALSE,539,37,4,0,FALSE,a30e858e59d7184b9e54dc3f3955238221d70439,https://github.com/google/jax/commit/a30e858e59d7184b9e54dc3f3955238221d70439,a355da5983029229a9d5f7f1b7fb7762205d9e53,https://github.com/google/jax/commit/a355da5983029229a9d5f7f1b7fb7762205d9e53,60e0e9f929c718e609dc8983d3ddd2a9599fb75f,https://github.com/google/jax/commit/60e0e9f929c718e609dc8983d3ddd2a9599fb75f,f07ccf0074c8869dc3b706f197fe6a63a42ea5a3,https://github.com/google/jax/commit/f07ccf0074c8869dc3b706f197fe6a63a42ea5a3,6ac1c569e889e6dc843c383c996c22993fc96278,https://github.com/google/jax/commit/6ac1c569e889e6dc843c383c996c22993fc96278,8f538f4e25d039a76d99af97374e7ece8c1c63a3,https://github.com/google/jax/commit/8f538f4e25d039a76d99af97374e7ece8c1c63a3
u => p + u,yapf,https://github.com/google/yapf,945,2365,945,447,2365,1790,-1209,131,0,141,0,10,0,FALSE,106,24,1,1,FALSE,7d623455f45435ad351514dfd4abd064cac61aab,https://github.com/google/yapf/commit/7d623455f45435ad351514dfd4abd064cac61aab,7cc4d18ff0563380adabe751416e8bcf77d4d0b6,https://github.com/google/yapf/commit/7cc4d18ff0563380adabe751416e8bcf77d4d0b6,0abfa165fd90001584a11ff13852591420f2d27e,https://github.com/google/yapf/commit/0abfa165fd90001584a11ff13852591420f2d27e,,,,,,
u => p + u,imgaug,https://github.com/aleju/imgaug,2625,2251,2624,2390,2251,1353,-761,36,0,37,0,1,0,FALSE,320,36,5,0,FALSE,d6bb7325c0070d540456ea15346bc3a9da2710ca,https://github.com/aleju/imgaug/commit/d6bb7325c0070d540456ea15346bc3a9da2710ca,26f9c26a7999ab3bc7763898a671342af77a1edc,https://github.com/aleju/imgaug/commit/26f9c26a7999ab3bc7763898a671342af77a1edc,3fe5e7662de4cd6eb4abfd610094c766e4169912,https://github.com/aleju/imgaug/commit/3fe5e7662de4cd6eb4abfd610094c766e4169912,b5c563a90f07c86b6939aad71e9506020f8b4eb6,https://github.com/aleju/imgaug/commit/b5c563a90f07c86b6939aad71e9506020f8b4eb6,,,,
u => p + u,aiohttp,https://github.com/aio-libs/aiohttp,6489,2897,6489,4764,2897,2174,-1882,588,3,615,4,27,88,FALSE,399,3,53,1,FALSE,f382b5ffc445e45a110734f5396728da7914aeb6,https://github.com/aio-libs/aiohttp/commit/f382b5ffc445e45a110734f5396728da7914aeb6,97e0eb74f590d60035c0cf9480f68a0cfab61e95,https://github.com/aio-libs/aiohttp/commit/97e0eb74f590d60035c0cf9480f68a0cfab61e95,53578589c34a75951b4f62e1ac019c1bac6f228f,https://github.com/aio-libs/aiohttp/commit/53578589c34a75951b4f62e1ac019c1bac6f228f,9e83d04782b5eec1e5dfafc8bac50192473da4db,https://github.com/aio-libs/aiohttp/commit/9e83d04782b5eec1e5dfafc8bac50192473da4db,6cd8a442938f866d93a44490275c291f81700d5b,https://github.com/aio-libs/aiohttp/commit/6cd8a442938f866d93a44490275c291f81700d5b,973be0c6c21842f15ae450ac63c12b08c5a18ed3,https://github.com/aio-libs/aiohttp/commit/973be0c6c21842f15ae450ac63c12b08c5a18ed3
u => p + u,mypy,https://github.com/python/mypy,9242,3233,9224,4217,3224,1867,-1839,494,0,520,0,26,0,FALSE,1745,36,12,3,FALSE,7382e24f224c475448718d95e2f5bd6c60c2791c,https://github.com/python/mypy/commit/7382e24f224c475448718d95e2f5bd6c60c2791c,255fb6170aba9cb2939f7a65147d1f3b9ef6f1ac,https://github.com/python/mypy/commit/255fb6170aba9cb2939f7a65147d1f3b9ef6f1ac,6e48f7e18b39e5fdab594e111da133965081c728,https://github.com/python/mypy/commit/6e48f7e18b39e5fdab594e111da133965081c728,e73432162b86f901c54e87d62858b0bdde062d24,https://github.com/python/mypy/commit/e73432162b86f901c54e87d62858b0bdde062d24,,,,
u => p + u,beets,https://github.com/beetbox/beets,8693,4864,8692,414,4864,427,-409,480,0,480,0,0,0,FALSE,407,68,1,0,FALSE,ee7bb4b9e8932cc186e46e7846a2d0006535c0c5,https://github.com/beetbox/beets/commit/ee7bb4b9e8932cc186e46e7846a2d0006535c0c5,dabde74683bbaf7a16520c19a908d2fbb600fae0,https://github.com/beetbox/beets/commit/dabde74683bbaf7a16520c19a908d2fbb600fae0,75c41c054680675a59a625a51a9f668f512f520a,https://github.com/beetbox/beets/commit/75c41c054680675a59a625a51a9f668f512f520a,68fa03a5eb241225933431d21cd7347a760c0cd2,https://github.com/beetbox/beets/commit/68fa03a5eb241225933431d21cd7347a760c0cd2,,,,
u => p + u,tflearn,https://github.com/tflearn/tflearn,516,1986,483,247,1976,1815,-198,136,0,132,0,-4,0,FALSE,165,9,2,0,FALSE,e35607378c6410959872da45a594c4ea7d978bd6,https://github.com/tflearn/tflearn/commit/e35607378c6410959872da45a594c4ea7d978bd6,c86a02f7a878a60f8f1e157cf8e9f12834518334,https://github.com/tflearn/tflearn/commit/c86a02f7a878a60f8f1e157cf8e9f12834518334,442139ed52cc2c103786a6716bcea17287eb8ffb,https://github.com/tflearn/tflearn/commit/442139ed52cc2c103786a6716bcea17287eb8ffb,ba7d2c8877701811bf0f9054014744a33927d781,https://github.com/tflearn/tflearn/commit/ba7d2c8877701811bf0f9054014744a33927d781,,,,
u => p + u,nni,https://github.com/microsoft/nni,2070,1194,2065,528,1114,312,-298,153,1,156,1,3,1,FALSE,2005,35,8,1,FALSE,252f36f8092abeb86d13fb5bfda186b32004b875,https://github.com/microsoft/nni/commit/252f36f8092abeb86d13fb5bfda186b32004b875,bc0f8f338ba8a7e42e29cbbf47a0edca8244cfcd,https://github.com/microsoft/nni/commit/bc0f8f338ba8a7e42e29cbbf47a0edca8244cfcd,5d0251fc499be130cafc777dd28ee17556b53b43,https://github.com/microsoft/nni/commit/5d0251fc499be130cafc777dd28ee17556b53b43,5b99b5984cd58d5920374efd1e6d6a35cf89ec74,https://github.com/microsoft/nni/commit/5b99b5984cd58d5920374efd1e6d6a35cf89ec74,f2f58dbb55ebca1dc400d2ecde2f7a1e0fb46459,https://github.com/microsoft/nni/commit/f2f58dbb55ebca1dc400d2ecde2f7a1e0fb46459,f2f58dbb55ebca1dc400d2ecde2f7a1e0fb46459,https://github.com/microsoft/nni/commit/f2f58dbb55ebca1dc400d2ecde2f7a1e0fb46459
u => p + u,plotly.py,https://github.com/plotly/plotly.py,4391,2851,3991,1925,2580,1256,-644,191,3,191,3,0,3,FALSE,11864,50,81,19,FALSE,d6dd58851d7549aaa7ed920fc544d1688198dd8c,https://github.com/plotly/plotly.py/commit/d6dd58851d7549aaa7ed920fc544d1688198dd8c,45ec0846bf7bdb385135cda600d2367701eaeb20,https://github.com/plotly/plotly.py/commit/45ec0846bf7bdb385135cda600d2367701eaeb20,40b652a6e106428aedeecdad573134ebd52d398c,https://github.com/plotly/plotly.py/commit/40b652a6e106428aedeecdad573134ebd52d398c,33381b1cf01c283cae73a6c61d23e7eca9ae3728,https://github.com/plotly/plotly.py/commit/33381b1cf01c283cae73a6c61d23e7eca9ae3728,e63eeddef4564e6a3d5f532ad7f85c4f2fac40ff,https://github.com/plotly/plotly.py/commit/e63eeddef4564e6a3d5f532ad7f85c4f2fac40ff,b8e23c4e44769907e7b8eaed7943311b8daa4007,https://github.com/plotly/plotly.py/commit/b8e23c4e44769907e7b8eaed7943311b8daa4007
u => p + u,certbot,https://github.com/certbot/certbot,8131,3400,7389,1817,2481,1376,-1365,488,0,509,0,21,0,FALSE,1260,96,11,0,FALSE,560d4365362a7eb2b79957d46f7b44b06ce0b169,https://github.com/certbot/certbot/commit/560d4365362a7eb2b79957d46f7b44b06ce0b169,48173ed1cb075b73ac1b913cd3f3f872ba700c03,https://github.com/certbot/certbot/commit/48173ed1cb075b73ac1b913cd3f3f872ba700c03,52e207a404ab3600637fc7a24492e2c68512ce2d,https://github.com/certbot/certbot/commit/52e207a404ab3600637fc7a24492e2c68512ce2d,492b578662f10d9c33b9fc71bf5ee9b48ef2e279,https://github.com/certbot/certbot/commit/492b578662f10d9c33b9fc71bf5ee9b48ef2e279,,,,
u => p + u,airflow,https://github.com/apache/airflow,12268,2528,12038,9538,2413,1666,-1666,1957,13,2073,15,116,36,FALSE,4748,559,492,265,FALSE,62ebef26fc3c71f8ac354951e6fb3d69f297752c,https://github.com/apache/airflow/commit/62ebef26fc3c71f8ac354951e6fb3d69f297752c,a097627d8236d9244d39eee0b8cbfa22f726fe8f,https://github.com/apache/airflow/commit/a097627d8236d9244d39eee0b8cbfa22f726fe8f,944dcfbb918050274fd3a1cc51d8fdf460ea2429,https://github.com/apache/airflow/commit/944dcfbb918050274fd3a1cc51d8fdf460ea2429,64d2f5488f6764194a2f4f8a01f961990c75b840,https://github.com/apache/airflow/commit/64d2f5488f6764194a2f4f8a01f961990c75b840,e61025e1aca0ecf7f51dc15eb2a1be3464f96429,https://github.com/apache/airflow/commit/e61025e1aca0ecf7f51dc15eb2a1be3464f96429,944dcfbb918050274fd3a1cc51d8fdf460ea2429,https://github.com/apache/airflow/commit/944dcfbb918050274fd3a1cc51d8fdf460ea2429
u => p + u,python-fire,https://github.com/google/python-fire,259,1665,259,241,1665,1624,-1088,48,0,50,0,2,0,FALSE,107,2,2,0,FALSE,9f9630ac871138c04c8654eb46d66ca0a2f70b7c,https://github.com/google/python-fire/commit/9f9630ac871138c04c8654eb46d66ca0a2f70b7c,51fc990ddc5e181ce7fffdb86c60f47687e479d0,https://github.com/google/python-fire/commit/51fc990ddc5e181ce7fffdb86c60f47687e479d0,61785e614c9ee1f0f16f8d8f1fd18b92a1981b4a,https://github.com/google/python-fire/commit/61785e614c9ee1f0f16f8d8f1fd18b92a1981b4a,8e9b1d52132cfab5f789435a9d88bdf881bbbe22,https://github.com/google/python-fire/commit/8e9b1d52132cfab5f789435a9d88bdf881bbbe22,,,,
u => p + u,numpy,https://github.com/numpy/numpy,21309,7208,21308,20267,7201,5829,-4727,1435,4,1460,4,25,4,FALSE,1799,14,120,1,FALSE,74a4958b94e07b2e3218741fb52d32e87308d62e,https://github.com/numpy/numpy/commit/74a4958b94e07b2e3218741fb52d32e87308d62e,571c53f4101a82805bcbe0b8378dd6b147a5d797,https://github.com/numpy/numpy/commit/571c53f4101a82805bcbe0b8378dd6b147a5d797,cb7dca7c3c963ff14c4f58507d3672536c441921,https://github.com/numpy/numpy/commit/cb7dca7c3c963ff14c4f58507d3672536c441921,268e8e8853d4c17a0f95ca831630647c0b88557d,https://github.com/numpy/numpy/commit/268e8e8853d4c17a0f95ca831630647c0b88557d,f2ce6351314c228a3b80cced2e2f1746596d1ddc,https://github.com/numpy/numpy/commit/f2ce6351314c228a3b80cced2e2f1746596d1ddc,647ea1908cc33eb2f9fb6c5828cfb895f8663cc0,https://github.com/numpy/numpy/commit/647ea1908cc33eb2f9fb6c5828cfb895f8663cc0
u => u,django,https://github.com/django/django,29385,5900,29383,0,5900,0,,2451,0,2554,0,103,0,FALSE,6514,136,0,0,FALSE,ed114e15106192b22ebb78ef5bf5bce72b419d13,https://github.com/django/django/commit/ed114e15106192b22ebb78ef5bf5bce72b419d13,,,8bca838f4a230b78dd44fc1db3c1b81e444c6099,https://github.com/django/django/commit/8bca838f4a230b78dd44fc1db3c1b81e444c6099,,,,,,
u => u,glances,https://github.com/nicolargo/glances,3395,3565,3271,0,3330,0,,143,0,158,0,15,0,FALSE,415,3,0,0,FALSE,a1db8fe8e31a770a76c39af29d27d7885e13eff9,https://github.com/nicolargo/glances/commit/a1db8fe8e31a770a76c39af29d27d7885e13eff9,,,7e70b36f91644f7f1f0e460e1f4343b67ff3541e,https://github.com/nicolargo/glances/commit/7e70b36f91644f7f1f0e460e1f4343b67ff3541e,,,,,,
u => u,reddit,https://github.com/reddit-archive/reddit,7948,4829,7948,0,4829,0,,227,0,233,0,6,0,FALSE,1380,24,0,0,FALSE,4778b17e939e119417cc5ec25b82c4e9a65621b2,https://github.com/reddit-archive/reddit/commit/4778b17e939e119417cc5ec25b82c4e9a65621b2,,,101b4fc0419f2143eb3ce73ab28b3d0085040996,https://github.com/reddit-archive/reddit/commit/101b4fc0419f2143eb3ce73ab28b3d0085040996,,,,,,
u => u,labelImg,https://github.com/tzutalin/labelImg,356,2182,286,0,1708,0,,94,0,93,0,-1,0,FALSE,133,5,0,0,FALSE,b6d19293067fdceec38061018e2bbf8b980a5d95,https://github.com/tzutalin/labelImg/commit/b6d19293067fdceec38061018e2bbf8b980a5d95,,,ca28daddec370bd0e5f9f51c35ba86a277de2375,https://github.com/tzutalin/labelImg/commit/ca28daddec370bd0e5f9f51c35ba86a277de2375,,,,,,
u => u,zulip,https://github.com/zulip/zulip,44446,3301,35098,0,2285,0,,882,0,897,0,15,0,FALSE,5085,7,0,0,FALSE,494d02cc35d912fe8338c8146bebf53c1fb355e9,https://github.com/zulip/zulip/commit/494d02cc35d912fe8338c8146bebf53c1fb355e9,,,f59f2ca16584b8acf39acfd648882ea23f32f09f,https://github.com/zulip/zulip/commit/f59f2ca16584b8acf39acfd648882ea23f32f09f,,,,,,
u => u,prophet,https://github.com/facebook/prophet,639,1657,639,0,1657,0,,141,0,142,0,1,0,FALSE,387,5,0,0,FALSE,e51b42b3360d39b9cfe6247799905404aeed6735,https://github.com/facebook/prophet/commit/e51b42b3360d39b9cfe6247799905404aeed6735,,,1d18adc0ba1f3786de56556dabe49af4977318fa,https://github.com/facebook/prophet/commit/1d18adc0ba1f3786de56556dabe49af4977318fa,,,,,,
u => u,magic-wormhole,https://github.com/magic-wormhole/magic-wormhole,1396,2401,1394,0,2401,0,,53,0,53,0,0,0,FALSE,167,31,0,0,FALSE,c14749fae0a64d55bb199db3b828cb2c39019073,https://github.com/magic-wormhole/magic-wormhole/commit/c14749fae0a64d55bb199db3b828cb2c39019073,,,85cb0034987a3256696626d0d5de6600c92fedba,https://github.com/magic-wormhole/magic-wormhole/commit/85cb0034987a3256696626d0d5de6600c92fedba,,,,,,
u => u,facenet,https://github.com/davidsandberg/facenet,499,2145,460,0,1956,0,,39,0,37,0,-2,0,FALSE,123,6,0,0,FALSE,c9fd983d134be785b3847edb26d83d74d89a5880,https://github.com/davidsandberg/facenet/commit/c9fd983d134be785b3847edb26d83d74d89a5880,,,81c5fb0b6b426ec8f1f14ec0b38447eef63309d2,https://github.com/davidsandberg/facenet/commit/81c5fb0b6b426ec8f1f14ec0b38447eef63309d2,,,,,,
u => u,fairseq,https://github.com/pytorch/fairseq,1984,1453,1984,0,1453,0,,324,0,371,0,47,0,FALSE,1002,55,0,0,FALSE,e734b0fa58fcf02ded15c236289b3bd61c4cffdf,https://github.com/pytorch/fairseq/commit/e734b0fa58fcf02ded15c236289b3bd61c4cffdf,,,da0432a3cd1ddf8f9797af83880570822265620b,https://github.com/pytorch/fairseq/commit/da0432a3cd1ddf8f9797af83880570822265620b,,,,,,
u => u,mackup,https://github.com/lra/mackup,1571,3076,1296,0,2936,0,,388,0,416,0,28,0,FALSE,596,3,0,0,FALSE,e3e0ddf0d0ec810a1bf76c11021f3fddf679efd4,https://github.com/lra/mackup/commit/e3e0ddf0d0ec810a1bf76c11021f3fddf679efd4,,,,,,,,,,
u => u,ChatterBot,https://github.com/gunthercox/ChatterBot,1695,2558,1694,0,2557,0,,104,0,106,0,2,0,FALSE,236,15,0,0,FALSE,08d96a3a8a7637995fd943317051dba0ffaee27c,https://github.com/gunthercox/ChatterBot/commit/08d96a3a8a7637995fd943317051dba0ffaee27c,,,8d92fdab64604a6b92f508b9aaa0f4d946aab48a,https://github.com/gunthercox/ChatterBot/commit/8d92fdab64604a6b92f508b9aaa0f4d946aab48a,,,,,,
u => u,kitty,https://github.com/kovidgoyal/kitty,7030,1789,7012,0,1787,0,,168,0,172,0,4,0,FALSE,511,6,0,0,FALSE,adaf7488523377da5fc8ecf6c765a37be5808ca7,https://github.com/kovidgoyal/kitty/commit/adaf7488523377da5fc8ecf6c765a37be5808ca7,,,6a901ea0488738e6fa1dd1b86438f614c68f8f11,https://github.com/kovidgoyal/kitty/commit/6a901ea0488738e6fa1dd1b86438f614c68f8f11,,,,,,
u => u,newspaper,https://github.com/codelucas/newspaper,533,2843,525,0,2841,0,,102,0,105,0,3,0,FALSE,444,1,0,0,FALSE,2822c3630cfff5636025d90d4bb0ca4ad9a0c01b,https://github.com/codelucas/newspaper/commit/2822c3630cfff5636025d90d4bb0ca4ad9a0c01b,,,d7c421fc2464d501e36ef329d1813261a9243bbf,https://github.com/codelucas/newspaper/commit/d7c421fc2464d501e36ef329d1813261a9243bbf,,,,,,
u => u,aws-cli,https://github.com/aws/aws-cli,6272,3217,6234,0,3169,0,,365,0,364,0,-1,0,FALSE,6733,186,0,0,FALSE,eea1a3674ffb77cecfb5c401495eaba00338a1b6,https://github.com/aws/aws-cli/commit/eea1a3674ffb77cecfb5c401495eaba00338a1b6,,,45a51ac09b449d13e5d41f5f88500d463c1b9ce6,https://github.com/aws/aws-cli/commit/45a51ac09b449d13e5d41f5f88500d463c1b9ce6,,,,,,
u => u,pyecharts,https://github.com/pyecharts/pyecharts,1228,1549,642,0,1379,0,,34,0,30,0,-4,0,FALSE,178,1,0,0,FALSE,b01b13678c129a3b83db2abc00b780fc6491fef7,https://github.com/pyecharts/pyecharts/commit/b01b13678c129a3b83db2abc00b780fc6491fef7,,,c956e303749f7c121bc01b792ab290485b148b5c,https://github.com/pyecharts/pyecharts/commit/c956e303749f7c121bc01b792ab290485b148b5c,,,,,,
u => u,httpbin,https://github.com/postmanlabs/httpbin,649,3740,460,0,3549,0,,107,0,107,0,0,0,FALSE,66,1,0,0,FALSE,52871e83010e7d7dfc69735afe81c09d0559dcb9,https://github.com/postmanlabs/httpbin/commit/52871e83010e7d7dfc69735afe81c09d0559dcb9,,,50ddd78b89c9c6008561323ba350293193239c03,https://github.com/postmanlabs/httpbin/commit/50ddd78b89c9c6008561323ba350293193239c03,,,,,,
u => u,Theano,https://github.com/Theano/Theano,23667,4993,23652,0,4983,0,,487,0,527,0,40,0,FALSE,860,90,0,0,FALSE,f4c3ad9517039f18631ac5c38e6143d0714c90f9,https://github.com/Theano/Theano/commit/f4c3ad9517039f18631ac5c38e6143d0714c90f9,,,bb3a9a5ee55ba36a96ecdbc9bcaefd60e77aa49b,https://github.com/Theano/Theano/commit/bb3a9a5ee55ba36a96ecdbc9bcaefd60e77aa49b,,,,,,
u => u,termtosvg,https://github.com/nbedos/termtosvg,175,1220,175,0,1220,0,,15,0,15,0,0,0,FALSE,140,6,0,0,FALSE,d0f6de248be996a2662e4960b72d739c33cbe1fe,https://github.com/nbedos/termtosvg/commit/d0f6de248be996a2662e4960b72d739c33cbe1fe,,,95ba2768d73bac7a821154da54a094bfacfb9ffd,https://github.com/nbedos/termtosvg/commit/95ba2768d73bac7a821154da54a094bfacfb9ffd,,,,,,
u => u,explainshell,https://github.com/idank/explainshell,258,2930,258,0,2930,0,,15,0,15,0,0,0,FALSE,121,6,0,0,FALSE,7ea0acc4846f8f39f1f5063e479b7bf0435ce1d2,https://github.com/idank/explainshell/commit/7ea0acc4846f8f39f1f5063e479b7bf0435ce1d2,,,fb97d7c46ce481e82cd4f6be0de4e026782b69e3,https://github.com/idank/explainshell/commit/fb97d7c46ce481e82cd4f6be0de4e026782b69e3,,,,,,
u => u,Detectron,https://github.com/facebookresearch/Detectron,141,1324,141,0,1324,0,,41,0,40,0,-1,0,FALSE,248,7,0,0,FALSE,2f8161edc3092b0382cab535c977a180a8b3cc4d,https://github.com/facebookresearch/Detectron/commit/2f8161edc3092b0382cab535c977a180a8b3cc4d,,,,,,,,,,
unknown,Depix,https://github.com/beurtschipper/Depix,24,275,0,0,0,0,,7,0,9,0,2,0,FALSE,58,0,0,0,FALSE,,,,,,,,,,,,
unknown,avatarify-python,https://github.com/alievk/avatarify-python,320,519,0,0,0,0,,21,0,23,0,2,0,FALSE,76,0,0,0,FALSE,,,,,,,,,,,,
unknown,PaddleOCR,https://github.com/PaddlePaddle/PaddleOCR,2024,487,0,0,0,0,,69,0,61,0,-8,0,FALSE,832,0,0,0,FALSE,,,,,,,,,,,,
unknown,pix2code,https://github.com/tonybeltramelli/pix2code,23,1567,0,0,0,0,,5,0,6,0,1,0,FALSE,69,0,0,0,FALSE,,,,,,,,,,,,
unknown,EasyOCR,https://github.com/JaidedAI/EasyOCR,307,542,0,0,0,0,,91,0,89,0,-2,0,FALSE,241,0,0,0,FALSE,,,,,,,,,,,,
unknown,neural-enhance,https://github.com/alexjc/neural-enhance,88,1802,0,0,0,0,,10,0,10,0,0,0,FALSE,40,0,0,0,FALSE,,,,,,,,,,,,
unknown,material-theme,https://github.com/equinusocio/material-theme,1192,2290,0,0,0,0,,80,0,80,0,0,0,FALSE,3563,0,0,0,FALSE,,,,,,,,,,,,
unknown,stylegan,https://github.com/NVlabs/stylegan,14,945,0,0,0,0,,2,0,1,0,-1,0,FALSE,58,0,0,0,FALSE,,,,,,,,,,,,
unknown,speedtest-cli,https://github.com/sivel/speedtest-cli,288,3284,0,0,0,0,,10,0,10,0,0,0,FALSE,38,0,0,0,FALSE,,,,,,,,,,,,
unknown,FastPhotoStyle,https://github.com/NVIDIA/FastPhotoStyle,90,1296,0,0,0,0,,7,0,5,0,-2,0,FALSE,57,0,0,0,FALSE,,,,,,,,,,,,
unknown,openage,https://github.com/SFTtech/openage,3273,2938,0,0,0,0,,186,0,187,0,1,0,FALSE,1400,0,0,0,FALSE,,,,,,,,,,,,
unknown,mailinabox,https://github.com/mail-in-a-box/mailinabox,1603,2939,0,0,0,0,,197,0,201,0,4,0,FALSE,132,0,0,0,FALSE,,,,,,,,,,,,
unknown,fast-style-transfer,https://github.com/lengstrom/fast-style-transfer,51,1772,0,0,0,0,,16,0,18,0,2,0,FALSE,63,0,0,0,FALSE,,,,,,,,,,,,
unknown,neural-doodle,https://github.com/alexjc/neural-doodle,118,2011,0,0,0,0,,4,0,4,0,0,0,FALSE,55,0,0,0,FALSE,,,,,,,,,,,,
unknown,DeepFaceLab,https://github.com/iperov/DeepFaceLab,1258,1191,0,0,0,0,,22,0,21,0,-1,0,FALSE,237,0,0,0,FALSE,,,,,,,,,,,,
unknown,algo,https://github.com/trailofbits/algo,1041,1941,0,0,0,0,,164,0,168,0,4,0,FALSE,237,0,0,0,FALSE,,,,,,,,,,,,